Case_Study_Name,Company,Industry,Org_Size,AI_Technology,Use_Case_Category,Process_Scope,Implementation_Status,Key_Outcomes,Timeline_Months,Source_URL,Summary
Klarna Customer Service,Klarna,Financial Services,Enterprise,Generative AI,Customer Operations,Cross-departmental,Success,Saved $40M annually through AI customer service automation,12,https://fortune.com/2025/08/18/mit-report-95-percent-generative-ai-pilots-at-companies-failing-cfo/,Klarna achieved significant cost savings by automating customer service operations with AI chat assistance
BankUnited SMB Banking,BankUnited,Banking,Mid-market,Traditional ML + Cloud,Customer Operations,Single-department,Success,Enhanced customer and employee satisfaction for SMB banking services,18,https://aws.amazon.com/solutions/case-studies/bankunited-case-study/,Mid-market bank improved SMB customer experience using AWS AI services for personalized banking
McKinsey AI Operations,McKinsey,Professional Services,Enterprise,Generative AI,Knowledge Management,Cross-departmental,Success,500000+ monthly AI interactions across consulting operations,24,https://digitaldefynd.com/IQ/ways-mckinsey-is-using-ai/,McKinsey internally deployed AI across multiple functions including research knowledge management and client deliverables
PwC AI Transformation,PwC,Professional Services,Enterprise,Generative AI + Traditional ML,Process Automation,Cross-departmental,Success,50% reduction in pharmaceutical safety narrative processing time,18,https://aiexpert.network/case-study-pwcs-ai-transformation-journey/,PwC implemented comprehensive AI transformation across audit tax and consulting practices with measurable efficiency gains
Global Financial Institution Metadata,Undisclosed Global Bank,Financial Services,Enterprise,Generative AI with RAG,Data Operations,Single-department,Success,40-70% improvement in metadata generation and data governance,9,https://media-publications.bcg.com/BCG-Wheres-the-Value-in-AI.pdf,Large financial institution used RAG-based AI to dramatically improve data cataloging and governance processes
Manufacturing Invoice Processing,Undisclosed Manufacturing,Manufacturing,Mid-market,RPA + Traditional ML,Process Automation,Single-department,Success,4+ FTE reduction in invoice processing operations,6,https://nividous.com/blogs/rpa-case-study,Mid-market manufacturer automated invoice processing achieving significant labor cost savings
European Automaker R&D,Undisclosed European Auto,Automotive,Enterprise,Computer Vision + Traditional ML,R&D Innovation,Cross-departmental,Success,30% reduction in time-to-production for new vehicle development,36,https://media-publications.bcg.com/BCG-Wheres-the-Value-in-AI.pdf,European automaker integrated AI across R&D processes to accelerate product development cycles significantly
Telstra Customer Experience,Telstra,Telecommunications,Enterprise,Generative AI,Customer Operations,Single-department,Success,20% reduction in customer follow-up contact requirements,15,https://www.microsoft.com/en-us/microsoft-cloud/blog/2025/07/24/ai-powered-success-with-1000-stories-of-customer-transformation-and-innovation/,Telstra improved customer service efficiency by implementing AI-powered response systems
Lumen Sales Transformation,Lumen Technologies,Telecommunications,Enterprise,Generative AI,Sales Support,Single-department,Success,94% reduction in sales preparation time,12,https://blogs.microsoft.com/blog/2024/10/29/how-copilots-are-helping-customers-and-partners-drive-pragmatic-innovation-to-achieve-business-results-that-matter/,Lumen dramatically reduced sales prep time using Microsoft Copilot for proposal and presentation generation
Singapore Education Ministry,Ministry of Education Singapore,Government,Enterprise,Traditional ML + Generative AI,Education Innovation,Cross-departmental,Success,Personalized learning systems deployment across national education system,24,https://www.vktr.com/ai-disruption/5-ai-case-studies-in-education/,Singapore deployed AI for personalized learning at national scale with measurable student outcome improvements
Healthcare Appointment Systems,Multiple US Health Systems,Healthcare,Mixed,Generative AI,Process Automation,Single-department,Success,67% adoption rate for AI-powered appointment facilitation,18,https://www.healthit.gov/data/data-briefs/hospital-trends-use-evaluation-and-governance-predictive-ai-2023-2024,US hospitals successfully implemented AI for appointment scheduling and patient communication
Epiroc Steel Prediction,Epiroc,Industrial Equipment,Enterprise,Traditional ML,Manufacturing Optimization,Single-department,Success,Improved steel property prediction for mining equipment manufacturing,24,https://www.vktr.com/ai-disruption/5-ai-case-studies-in-finance/,Epiroc used predictive analytics to optimize steel properties in mining equipment production
Banking Trade Finance,Undisclosed Major Bank,Banking,Enterprise,RPA + Traditional ML,Process Automation,Cross-departmental,Success,Automated complex trade finance processing workflows,18,https://nividous.com/blogs/rpa-case-study,Large bank automated trade finance operations combining RPA with ML for document processing
IBM Watson Oncology,IBM + Memorial Sloan Kettering,Healthcare,Enterprise,Traditional ML + NLP,Clinical Decision Support,Cross-departmental,Failure,$4B+ investment failed due to training bias and overpromising,72,https://www.henricodolfing.com/2024/12/case-study-ibm-watson-for-oncology-failure.html,IBM Watson for Oncology failed despite massive investment due to single-institution bias and unrealistic expectations
McDonald's AI Drive-Thru,McDonald's,Quick Service Restaurant,Enterprise,NLP + Speech Recognition,Customer Operations,Cross-departmental,Failure,Voice recognition accuracy problems led to customer experience issues,36,https://www.cio.com/article/190888/5-famous-analytics-and-ai-disasters.html,McDonald's AI drive-thru pilot terminated after 3 years due to accuracy and customer satisfaction problems
NYC MyCity Chatbot,New York City Government,Government,Enterprise,Generative AI,Public Services,Cross-departmental,Failure,Misinformation crisis requiring public correction and policy changes,6,https://www.cio.com/article/190888/5-famous-analytics-and-ai-disasters.html,NYC government chatbot provided incorrect information about city services creating public trust issues
Teacher Lesson Planning,Multiple US School Districts,Education,Mid-market,Generative AI,Content Creation,Single-department,Success,2 teachers demonstrated significant time savings in lesson preparation,6,https://www.the74million.org/article/case-study-how-2-teachers-use-ai-behind-the-scenes-to-build-lessons-save-time/,Individual teachers used AI tools to reduce lesson planning time while maintaining educational quality
Financial Services Risk Assessment,Undisclosed US Bank,Financial Services,Enterprise,Traditional ML,Risk Management,Cross-departmental,Success,Improved credit risk assessment and regulatory compliance,24,https://www.accenture.com/us-en/case-studiesnew/artificial-intelligence/evolving-financial-services,Major US bank implemented responsible AI for credit decisions with improved accuracy and compliance
Supply Chain Optimization,Multiple Manufacturing Companies,Manufacturing,Mixed,Computer Vision + Predictive Analytics,Operations Optimization,Cross-departmental,Mixed,Varied success rates: 71% for warehouse automation 29% for dynamic contexts,18,https://www.inboundlogistics.com/articles/top-20-ai-applications-in-the-supply-chain/,Manufacturing companies showed mixed results in supply chain AI with higher success in controlled environments
Hospital Predictive AI,US Hospital Systems,Healthcare,Mixed,Traditional ML,Clinical Operations,Cross-departmental,Mixed,Growing adoption but governance challenges remain,18,https://www.healthit.gov/data/data-briefs/hospital-trends-use-evaluation-and-governance-predictive-ai-2023-2024,US hospitals increasingly adopting predictive AI for clinical workflows but struggling with governance frameworks
Enterprise AI Pilots General,Fortune 500 Companies,Mixed,Enterprise,Generative AI,Mixed,Mixed,Failure,95% of generative AI pilots failing to achieve rapid revenue acceleration,12,https://fortune.com/2025/08/18/mit-report-95-percent-generative-ai-pilots-at-companies-failing-cfo/,MIT research shows vast majority of enterprise GenAI pilots fail to meet business objectives
Mid-Market AI Success,SMB Companies Across Sectors,Mixed,Mid-market,Mixed AI Technologies,Mixed,Mixed,Success,SMBs with AI adoption see stronger revenue growth and higher implementation success,12,https://www.salesforce.com/news/stories/smbs-ai-trends-2025/,Salesforce research demonstrates mid-market companies achieve better AI outcomes than enterprises
Professional Services GenAI,Multiple Consulting Firms,Professional Services,Mixed,Generative AI,Knowledge Work,Cross-departmental,Mixed,Varied adoption with concerns about client confidentiality and accuracy,12,https://www.zrgpartners.com/insights/how-will-generative-ai-affect-the-professional-services-industry/,Professional services firms show mixed success with GenAI adoption facing unique industry challenges
Computer Vision Logistics,Multiple Logistics Companies,Transportation & Logistics,Mixed,Computer Vision + Traditional ML,Operations Optimization,Cross-departmental,Success,High success rates for package sorting and route optimization,12,https://appinventiv.com/blog/computer-vision-in-logistics-and-supply-chain/,Logistics companies successfully implementing computer vision for operational efficiency improvements
Enterprise AI Value Scaling,Multiple Large Enterprises,Mixed,Enterprise,Mixed AI Technologies,Mixed,Cross-departmental,Failure,74% of companies struggle to achieve and scale AI value beyond pilots,24,https://www.prnewswire.com/news-releases/ai-adoption-in-2024-74-of-companies-struggle-to-achieve-and-scale-value-302285294.html,Research shows most enterprises fail to scale AI value from successful pilots to organization-wide impact